{"version":1,"hash":{"type":"Buffer","data":"X6ziN5NCFH+egLfMOF6KRj8RWz6qzPQZVED6q3iYAF8a860RWJZRwU+D/PRGme3uY+HmxtfTXk0JJ9p0lWxINAw+FTHtCSyB0R5wF2ibD1OUvHNG7Y7UrfVCi6FdgUojnMcz8cjUyd5qhlgqY0L7uDrTTX2RIyXQ5GkbiHCsOAM="},"indexValueMap":{"O6kPaWBXJMnXnyfuxcrTCaCihQ7tirr++xv/Y7PicBI=":{"valueMac":{"type":"Buffer","data":"CSH89JnMQXGrtKuj4sW+/KAb7pfXbki3DyaD2u4KSc8="}},"fFip7rWBHGrAPSd1hY9jivM8do4QOlW+e8dFxWdl/O4=":{"valueMac":{"type":"Buffer","data":"rv+l30j4UDYWk4uD+vcEQzkylK+gvjoBwmphxWC+lUw="}},"j0AdPrGZYRrsUgMHGhycEZNrVM65xmV7JDgr6xR/LXg=":{"valueMac":{"type":"Buffer","data":"r1dejNW37JrZ3oh5WCfqk+hiE0Ja7oL1gwHiLmxst4w="}},"leasA4JrNbWHQE8RtVcxuxydywgPjyjhQFi9o5O4eEc=":{"valueMac":{"type":"Buffer","data":"s6csyyqHrxahyDeDkD73em+gJZ2jI45BPAofdwT6Cw0="}},"xo7YsBh314s4AAijzb6tM51qcbYtOgAvYentsMMnPmk=":{"valueMac":{"type":"Buffer","data":"i3qRapd2yowvFIwuSPKvQ2ucpPyC/fuCKVB/g7TpMrQ="}},"4e8XA+ahIXhf4q+5E4EAo4vTRMXv6M2WGn0x2aTkVvM=":{"valueMac":{"type":"Buffer","data":"4xHo/Yl5zI47rmfjejyT0sdftsZX4HUcID/ITVXnh/Q="}},"8A8tyIH/8+5+AT9QqUdu2aW0em62zXA0CWDTiyoVRBU=":{"valueMac":{"type":"Buffer","data":"Hbf+kW2u6VkqOaULxpMn1FRR9lTqAOJJEm+9YH+jKCU="}}}}