{"version":2,"hash":{"type":"Buffer","data":"hGuWdd5uv1zTbeh4DfKodIpIa+PkX8UZbRIIvGUjyDJOo7601FzepCvG1gzhfzh7mapiBkOGHz8LoBSdrQE1RcuQa//Xn038iZOe82CieA8CKkHUw9tJ0L0DCBLoxZMxBfhPV3SmiCQAOBqwAkdfAXiO17xFB0CZStcj5wntgPg="},"indexValueMap":{"AtKk83bHesnAjBxbeG12NqB0v5RDdH8+WKHquLjqLwM=":{"valueMac":{"type":"Buffer","data":"aicDB1MEoYZH137MBkOdWmzLhyIGsapHxyoLEeqTnoM="}},"AwJ+TY88CGI37Ok7/Kv0J9F6gFXUocuBCusZUD4j+/4=":{"valueMac":{"type":"Buffer","data":"FRhmwhCiPrpC62wg/b0bZGI4aO7mEZf35k1S17LQ+fM="}},"CKZ/lbiX4X0T2cYfoTgMUzDGwGfi8PbQMqmdmdEJrUk=":{"valueMac":{"type":"Buffer","data":"LTeL6A55izw5VUIOSHkq7Z+NDXe7V2t7/mUamMDpGc0="}},"C8sbtSx/k38hxhp7Z/3sCcFxVwrtfLKZf05thrORFmU=":{"valueMac":{"type":"Buffer","data":"Yzoz1n6um3pZjZFjOeLSRcl6EwPqZIsUgoAwf2qq60E="}},"FgE7NVu99jdIUPgyb5PkD0PgpFRKmT2snAXislZbF4o=":{"valueMac":{"type":"Buffer","data":"gUIsh99PE/b9tFK99nCY8rLv0/BHFja0t80kZkqewKY="}},"Hi15QSvMT0aE0PHX+YdtRe0ddaXb5HBGQYB7/7uiQ9A=":{"valueMac":{"type":"Buffer","data":"v3gQvysGc2q9wPsTqs679F53pQXoPHUTP+bqKBvT5eA="}},"JP14q1VnE0Eahr/3Eu1EBpIUk098aZbfQNlIwyKSiMk=":{"valueMac":{"type":"Buffer","data":"hbagXbrttFTP4X9hmDdtEDzwMqsmMESmaF+8b8uijXo="}},"J50khlw4a1iSOjjDH2bndTTquc/VZ8Kp/nz7aflyYLo=":{"valueMac":{"type":"Buffer","data":"TP7FnMYn+ADN1l2fW432QmWizmernBPGsIygQyJywMA="}},"J/p7C7xyJVrLgBmGAmY5Ct/zNwaF8VfUSAO7UYVs0wA=":{"valueMac":{"type":"Buffer","data":"vWAWRZwQH+AN4BK1CRFIL7+OaQtwG/pU1zIz2p5BvvA="}},"OMe5fcPA8DkqYFQG9VFRzD0PqX0revqIRs4YKUlhsv0=":{"valueMac":{"type":"Buffer","data":"/U6iliNGARespxg0wch9bwrSxmMqCc/5ZkdFNTxK0Ho="}},"OZvg/lmieBmDoDVX5B7IlKsgxF08h1GQgdQd71NB6dU=":{"valueMac":{"type":"Buffer","data":"CUsKfenB7IR4yjQM9kKUtMlxsu77vQSYLk17sZB2FQg="}},"Ong2eSnRdUqPHI1ksgTpDe2aQv8KL0b2wfK1dxFCpXI=":{"valueMac":{"type":"Buffer","data":"RB6qrAgJVa7uBUH632T8oQbBBdaE0ZWO9d7elDcKseg="}},"QJRphXOQcmskNnt2rX9bDXnogcmm0q5qjQCGxeG4nOk=":{"valueMac":{"type":"Buffer","data":"q1xS4usvxNpGCKXtewIadCm1VzmaX84pAJ/U/kiZ7Rk="}},"R3qzr/NM6OW7TN6LCw0PiL7ylfBrLJN5OyhLu1kgIOk=":{"valueMac":{"type":"Buffer","data":"9cevckyr6aS+fLNwvqlWG8URTTiL1+Nui3ZlKS0KOQI="}},"TVMb7a49kLSelOWf0GgUtYDqc8gsI9Pdru6/HQUOPfk=":{"valueMac":{"type":"Buffer","data":"bAUFNOOiv3rtLCF/M1j0Yil13OPqmULGW19ZpEdlEmU="}},"UfM69MNdeHrAjwQma2nbfXgTvBsTwISzmKFmQuFmhdQ=":{"valueMac":{"type":"Buffer","data":"Im4XueqPrNHnrvCAY5y51NgKKAWxH4vOq92Xf+73SEs="}},"U+jsJ+FmNj3bWsqa07yZQ1yRGsaFTC3ol6HmYYNyVF4=":{"valueMac":{"type":"Buffer","data":"8/wNdtRCG1u9TMs/Abf+XBA1jPjKZ96HL3LcqyWNa6c="}},"V4XVvIAi2WpNR3x8BOmjbYCvr/UBeabR78KOsTUOTh0=":{"valueMac":{"type":"Buffer","data":"hFOWcyEKizuWb70uwHAYkO1mYCiokYV0HENjB+vrLIE="}},"WQAWVj0f8o/bviMe6kTNmdV+KYsyNUR3JRYXGc07GFQ=":{"valueMac":{"type":"Buffer","data":"3kdlIUb8kMWYoNJylmCG2XJQ0LV5It4bzmauucAr7Vg="}},"WebAM753tMge+Q/03s0o6MI6AnvyhE1LpVajvUn1heg=":{"valueMac":{"type":"Buffer","data":"Nh3JU5pqj9uuCubTz52MHKSz6QH0xRQEdu1IpT8cBEQ="}},"YB8HKAgruqv22Va9iVivBLA0NbnYSa2UYeHL0fZUk8g=":{"valueMac":{"type":"Buffer","data":"+Nuow42e3Reye6y12tpeKIOzXUXTQkixtZv9QXWnsM8="}},"Y4cRJy5wtxK95SXYXFszOHpZha86RYpG3u828wwZ8b4=":{"valueMac":{"type":"Buffer","data":"Idc1lF+bR9EiOe9NdxigsGVTlrOXbKhcDDZD6TcMAIs="}},"ZUn0wYYPEXDgmsNLSYiowlCs0FOWGPZGLALd3gpE/xg=":{"valueMac":{"type":"Buffer","data":"TBrKvUsx5axVkpSJOW7d5ZqnwhF2qawTBqzSoDzWzyU="}},"Zb2R7/4KuQxU46Qppf7vSwQZSuQQh93r3wYyGFIGrsE=":{"valueMac":{"type":"Buffer","data":"Knvp+Dq5kXyLbfuER9Nq3OfAm6mT7i1UQj8VH1aekjI="}},"b2LqTQ7DXs0tdMerPgG3iGtpf78GnUNIlTFN4S0UUz0=":{"valueMac":{"type":"Buffer","data":"I3qbepum888VS22mXpewaXVFpxnQTVC8w0AydR249HA="}},"b5gWTMrbzo7unrlFA1qV+Cie5Yrgj915iKQmtQRWWFQ=":{"valueMac":{"type":"Buffer","data":"R6C690ru05iIdPhMhcApx4mIrZVhHB3a/BPg9M48ekw="}},"c4RPnIMxHx1yi4KZon79bro+4KYg283Z+ZEzAlnGDbM=":{"valueMac":{"type":"Buffer","data":"IH8jeoUfXx2RsWNL3ZZ8MkpjTj8rUtnzaPzPXUIegvY="}},"c8NPd04fEe26ddz6a//0D13iuhR5hMudSbnj6NeAZBI=":{"valueMac":{"type":"Buffer","data":"QDpPQjT+fzfSEEpbAVHB3Ob6gIb5+/BfEw9jwYOHdQw="}},"dL9kyqXo+1c9YIMf+FM4l40zdnDM8dXI32vpV7u2du8=":{"valueMac":{"type":"Buffer","data":"sacGt01xKpxrV8a5EV/OiN+LqUpq3ohC3G0OBzsiYsg="}},"dTCbHxe5d+Y3ug+8xCX8dOLkn9m+gPGma4hIfbUYFBg=":{"valueMac":{"type":"Buffer","data":"J6EuRH33Xjy+i90Sc8ynw82BHz1uVfVoWmFs5k67qHM="}},"fnE3sGUQFe77YGN1J3FTTrl0BSa1ib9EC6VDCAsYT8M=":{"valueMac":{"type":"Buffer","data":"AgPl0B7kg8srtVFFYvghxK2LkSlsrBFGn3n04fj8PCI="}},"f1JHiWzn3NBxTU5Bn3+SK+LvPoF9/4RLwROykUtdYbc=":{"valueMac":{"type":"Buffer","data":"iZkefnXalprQY0Ad53XEqrtvzdle2cTY1mr5WMQ3Cx8="}},"gZkVsOLz25KcNziRL49k5AgRfU8oaYo2ZGe65/nned0=":{"valueMac":{"type":"Buffer","data":"IAzImF+UUyRhmNlK7AcnSUW5v4S5jF5YoANpNtpXniY="}},"gf9LmpHPrKiRKH+ZC0F3rBXpvBZIoxUTS8M4w9p0x8A=":{"valueMac":{"type":"Buffer","data":"4/nI/RJ/b16zbW6kIXhjZaLEZXjR0j4drqIZsn4LGck="}},"g1EfYKB/+SkT06AMdAcWKzjlGmaL5Qgbu7OFRr7XQWA=":{"valueMac":{"type":"Buffer","data":"UFaeWUEwV3GXyiMHwHPsjDdUNT1luhIimiRZtIK/UPI="}},"hErSz0RV5gSmnTCLFEoz53w4lhixeZ28V0XPhCxZFCY=":{"valueMac":{"type":"Buffer","data":"1I6O+0ooB99GFw0cbvZgoyI+r29hYGHJj6ZTBy25yN0="}},"hYIJB0F/i15U85Tsc66x3bK29rflSChc3AmuW4wIshM=":{"valueMac":{"type":"Buffer","data":"FnsfeV+lwbL0y8IdSwX8Py1+oxrjS66GtYKcaRzkuKY="}},"jEoVrNWcBP8pp807MO5JN207O/k7TSLrNRiIeHOYSKw=":{"valueMac":{"type":"Buffer","data":"KRHH0zpUVzuo+4JPu9OGuTa24tO1quFoRdz67RiwB1s="}},"jU7qT+dmpRTM8ooB+RhFjO2Dr2ERIow17vmhXOb0QWQ=":{"valueMac":{"type":"Buffer","data":"mWNccRyt7lJjpNPNW6iF0ADzYHwmd8j1PvuLUfvyhPk="}},"kTC1vEzwfowAbl6q3lm/ySETC3WEGmszUInle1hGE1E=":{"valueMac":{"type":"Buffer","data":"gJT1AhykpukccJS3NiKe8lfQuFEj5NP94eS3AyPLpnM="}},"lUsLgiU0HcuS9Ti0L7NVDORMjjwPkthcrmovXO700WU=":{"valueMac":{"type":"Buffer","data":"k7OSMMUkGMKPUHtxaQG57bYGCh7uGd1JwCDhBxS1lj0="}},"l5Wv4m+KW5MKmPLkxUtUjwhvryYSxj7Oc9Eu1SFIE8I=":{"valueMac":{"type":"Buffer","data":"xjp04AmpPSJc6Ij9/rAVOLLM260WLZ7ROilqLBFJxPE="}},"nJf122DdOKoKhCwonP6nqdtpE60K6nKg16Q4tqdY74w=":{"valueMac":{"type":"Buffer","data":"k5WHCgMCap5AtQIGvoAWxkVHqeUZz4d4eiUPuzUPG4Y="}},"oCmm4Vnbs2NSj6VupShpfdFSoau5g7VPKbSRjGpMKVw=":{"valueMac":{"type":"Buffer","data":"NhtQu8IqQYNhCgMdIKGf2xlmTwIOoe+9PjesDPyVqrs="}},"qo4F22ZrHi81fvFI9jE8OSikluNzxsHMhzdpumNIi1U=":{"valueMac":{"type":"Buffer","data":"L1FZFKcG5MR1oIFxwV43Tvfprc9vrf2QGQ+3UVZ856U="}},"s4UTLZspl/bKCGO8ayTbYv7RWb6go1NNi/fjjH0UUkU=":{"valueMac":{"type":"Buffer","data":"Z4v66VXqICyEEWIG9f+EJjFHDlxOpW8gAStSa5pUtb4="}},"t/PMOWf2WiNJeJXU5afoOV36JdesWa4UN7wSJn9a/8o=":{"valueMac":{"type":"Buffer","data":"u41jADIiDMA/NUW1dS7V5KbwId2L9fnyT2XEzw41l6Q="}},"ukS4T+amuhIPRJc5gqMNFlu5xozt2nTwPHDfv7SPygY=":{"valueMac":{"type":"Buffer","data":"MfestgusPrUTBgmhPv4Tv8DjzGtPzEqoSBBoIisSRkE="}},"vLKMckgvrdELI4CbjGQuuh6VJ4/FiCzmRSf6NkcjrLo=":{"valueMac":{"type":"Buffer","data":"iz5xEmLZ6awxToF60TF1VQ8/jA68fddWClyJhA31GsA="}},"yl+cJ3h+ptmA/AQ2ysGGR+NZ19PCcwiu7eKe20eQQbI=":{"valueMac":{"type":"Buffer","data":"fcTRKotn1QNakjg143KU0bKKpRHCeygzWgroVr58MtE="}},"zGOJYfhy3j/6j6zQQagemvhnS+d81C/gkI267RJQ32k=":{"valueMac":{"type":"Buffer","data":"bTvWRP87XvH9ga4EDZEshKkoJ/+cfFDmU7yb/y2MpLI="}},"znlNGWhspxhrwvrrKGQSX30RCd12cPrMywQq+naPfEI=":{"valueMac":{"type":"Buffer","data":"htXToT63PKXsjbaefdH1pn5XOwnXBnr8lL8twMTdgYI="}},"1BxvhZyqvE0D+km0Hg8tyT+j8OD0kg5/7jfhMibyQz8=":{"valueMac":{"type":"Buffer","data":"pSMbK1b0Lt/EAoYv0AC3O13dKD39xjb+kbPCU+2YrbY="}},"1gjQvtAg2ePEeaQduN340K/sV+oQUBsXmi7Gnab70DM=":{"valueMac":{"type":"Buffer","data":"5gIJ0yGNFEh9qeDA9yLWsook0nYke9AJ+BakbbwhtGQ="}},"4PwQ7F21bqnlItN9bLcq+Kc3nEWYjC1n2a6lkOXCC9U=":{"valueMac":{"type":"Buffer","data":"q9LmwnTh/Nw4JdmCPf0FO1cHz+tN3GPSfG5GYZp2llc="}},"9EyykEovWeRZtq/4hCsPQ8EMxG5Fm6tcWFKIk/UOMBs=":{"valueMac":{"type":"Buffer","data":"zRhgPRmjWbmsjCRcWE9/NewipM325bih6vSOBAhPTXM="}},"9RLXolcXbTvSUPBJHiWa+G/Jwmfjn6JDwmTFDM8MGWA=":{"valueMac":{"type":"Buffer","data":"XIJyPizw+7czH5tQCuDy2Wrkx4ew1Fq3gAH79/dXc1U="}},"9ilDTJa9ZqLlUF6FYIWWMbd7ZD+GEoVQ92sewJWaPow=":{"valueMac":{"type":"Buffer","data":"Kd7NYgoqPyn7oXhIcSjHJ1DApdzI6mUzXkMh+H9PwY0="}},"9noOczx2yfCCub9Ry5nTAMTwBhr7Y2UZ/m5zouboskc=":{"valueMac":{"type":"Buffer","data":"VwMCAuVcNC0F9lfB21C5GJk2BDmXsA64tAfSoLWurdQ="}},"+M0YyYn38XDFoIqgdxXWpxQtHmOsk+6sHNeVhX5o2YE=":{"valueMac":{"type":"Buffer","data":"CabTTvF+CwUp6SdhQm1OxX+83FkNWNsmaanhrqLmqSc="}},"+Ut39tsJQ02zDtx7mTxuVJZMFzsC3+bZi5FDndyhjoQ=":{"valueMac":{"type":"Buffer","data":"wfH0xvBmTkRCR1b/GgFPxESVEsEvf/SzwGESbb+Qh7w="}},"+56YoGROkL1PVA2caqtbxjvrx6NO+XRr7OIvJBOmrJg=":{"valueMac":{"type":"Buffer","data":"+q0vTbxZgtV0M9pXAfRfY2DDY6+whd0QgHYF2Zodorw="}}}}