{"version":2,"hash":{"type":"Buffer","data":"CR2/a7RWAEPTpPSauGxcOw1ttlsxQCsn/FjzfSa2V5hSop4oeX1pCiKOb2TXQxjaWTUxxGGKZ/3OVEryYVakdMwqN7dRjEXwePtxJCAWc48RnYpR7WF/SAw9OuGOlbmMfxON4wuwzJ6kOiI3mtfX0nX97N6A117E0yWGOm6/a10="},"indexValueMap":{"N8poubXI67LUrpmbSMiWmVEq0nD97mGaSm5W7k/O31o=":{"valueMac":{"type":"Buffer","data":"GfNFHbyw/SsQYlXhyMebkzQBEBGcNV9QC36rwXcoG0M="}},"crHxfStRAQ7kW8S7cxpwpEikV0W0R3KxPYJ4MgBR+04=":{"valueMac":{"type":"Buffer","data":"3kQyVBguy+KGgp9ssRoKIPW6JXaOFExC0DrBA7jBd8c="}},"idjefZTngGHDbtfVQ8kMRVNboLyhAmdfoExa/VMgBrQ=":{"valueMac":{"type":"Buffer","data":"wxZ+86zYoxznYE45dYekpS3Rl2XmhokfjuUev24uo70="}},"z9iNJ7QT7HmFB6b1E4MBQ2+MfPbFW6260kw8AOF0hsw=":{"valueMac":{"type":"Buffer","data":"hTtbgcm6a7IRiPsENsQ6KWPtKfrIMiHKiiv60wAFn1k="}},"ts8h2zC2HOt+ldyn6swZtf5gUR0ptNQd7nSKAlW1MdY=":{"valueMac":{"type":"Buffer","data":"SbCbF6/YiOdUnTAFZ/8oorKV6ngXlpPjC7y3M24H+DA="}}}}