{"version":2,"hash":{"type":"Buffer","data":"tUvahT8T6FtVJjfE5pgpS658Si8Or+mM9v4dxex7mjCghoxcMfLRh7oDzahphZnNzBPw6z1MD3XuNNcnSyS9ZwUSsF5XFFdmIm+PD69Vw2QJwFpneVwLzhwzwJu3Uzb1eAsbHO9X/hAeWsN3bK39eOgnbrNdS/PhkU2Zm2/ohLA="},"indexValueMap":{"mRFGLbaDBAMlO1/MeAOBWJIIRwHhPrWb8IkQjFLhK3w=":{"valueMac":{"type":"Buffer","data":"h9yT63Hj5lb5ir/uD61zq4mdCoi6BDCLEBOO8IR6tFE="}},"dzixHtXy4d1ZRHcfGt77D4Njq8cSX0lo1WN+P6911MU=":{"valueMac":{"type":"Buffer","data":"mVkoWFj1IzDwyONRxXvZTxUlsIBh6jPxAFNRK8L/dEo="}},"PjdGx0SN0z3TEZIi4iNLrT1QO7GANu1/38OD2fexvEo=":{"valueMac":{"type":"Buffer","data":"C7UGRmRgfgD6EXHhJl9mrnfJUDdCAHwsGPJKfQ0F0W0="}},"0u8MBJvuJ1ZJmYdp8mnr2QQVK2hxOwqgv4L0aihDJvM=":{"valueMac":{"type":"Buffer","data":"P7s3n9MTQ3O3ioQThbLFGxJmkEqQ/UfEqod5Ik4Kh9s="}},"YwI2vrCLWDcRA54PwQD0MaixyDa8VFB+buEbkfmQMmU=":{"valueMac":{"type":"Buffer","data":"xHbATQDsDn/RIrvPjLBQAZLo/BuSdt77wLdR2fK+Br8="}},"vF5NQT+PBxApq/rd1Z1gdkT2neVtU/dTZ0jZElkfdDc=":{"valueMac":{"type":"Buffer","data":"S+VGbispSeDidbKWp45/bxKMgbStxlhI5VRhLS/9BsI="}},"K+8v1brovZdXT3w70mGIGYVvpFLkX4VV4vI4bckXLgQ=":{"valueMac":{"type":"Buffer","data":"ETHC5FF3//+mhb1vQTlxgeHZgs1OZGPyCOjFOkvTet4="}},"KDNZICtq+/ROli/GDrnNdaavPbgSkBQ33LZXNyS3tnI=":{"valueMac":{"type":"Buffer","data":"/ZHrXnGVHAUK5bs7JenWBLMmKfBuIxOS8511Rpb893o="}},"iAziiYOFwFJDD4zpNKxto5kI69ZZ4D2isaj7uKdW1U0=":{"valueMac":{"type":"Buffer","data":"9LVba/elkI5Oi1aGouOlPtFKWgitk8/Tltnj13qjNyk="}},"at0iabLk0wnLNcgthIe4CIEW2O2F3db5OUnteJe7ypY=":{"valueMac":{"type":"Buffer","data":"fELM0v4Y4DeP9I7w7OQPrw/ZrJ3Q78U7EFzfHXvI5O8="}},"mA+41bLa44KemQWXUwcS39R/UBEEtMEcGmiSnfCjZVA=":{"valueMac":{"type":"Buffer","data":"iWkDVj+FOV1+jD2KECjPOEV+4AnXjW3/C+bk5dgxkDQ="}},"5JuboKxOyxXRe/YIA1lBnyyMHbRmXfNDSru2Ua1Hoh8=":{"valueMac":{"type":"Buffer","data":"Zxmf+4c5CsAYRDkUuCFshdgoFtvNvIajevhA9PSZkLg="}},"a3S5wezzyqZkzmGyS8xVcxe/ntFPzKlfWlJ6Meq1yYU=":{"valueMac":{"type":"Buffer","data":"8uRK5T3hLigtVSsRC9aCIhTdgh1hu8K7LdyYB3u1eqo="}},"jVqRMM+EQ3hBEGyZDxLMer6nVe+Ju7SrNm7Wl9UpRYo=":{"valueMac":{"type":"Buffer","data":"EmY9jFzcoQvin0T4Rnm2iSsgOCEGw2+RR808DTa6dB4="}},"NyQm4aKzVXJtPRrbT6TAGUAgNTXVgEUUJNX1S5lDgjg=":{"valueMac":{"type":"Buffer","data":"uxN16xhSf656vC49g/LUWKQZ8huJd3K/EBh8g9EFv/c="}},"fckSaJiJbYMASkYWpFVAqHY2+Yx8G6ThhDAnPdK3nTA=":{"valueMac":{"type":"Buffer","data":"BPSN+LGeuVurxrdKrMJ1fkHp7szrpCDvRekiU0usApU="}},"iVunCmNLwQOfSfqTXyhTDnfHmmHn2Ff6mlViUEFc4X4=":{"valueMac":{"type":"Buffer","data":"zFtOtNZkj1baTSHpJVKff0QRh9IAv1kaXjpTMDfO+6w="}},"LpOxbXn5XGSJoxIvXfMK70kwXH4AQ0iaPHSk9w+5soU=":{"valueMac":{"type":"Buffer","data":"uO58SD4qXLdfXbIL9w44CoMOz8PXBr+xnHBSP4OBBQg="}},"P8GG5WC4Zh059/IBqrGlq6z8yn+iQwPttQFxwkz/hO0=":{"valueMac":{"type":"Buffer","data":"rc9GGm8USaRwhfiwuTUJUdOVUC9yXz21kAoq9OeY+fc="}},"5paFKS5XTbsfIpY5z7VdJtjwp7TFF2gwvHUE3QssCCo=":{"valueMac":{"type":"Buffer","data":"oEPggKoOfZxGICPwEofRwQ3cDc8vZAebE/6mmgqSR0Q="}},"DemzoYB6TGJushhGMPERcu6Cf7BxA7WL5uS7csea6FA=":{"valueMac":{"type":"Buffer","data":"nmR+6xb5wzzspnKDQJTwCeMC80+WQ1the8DgSC5RkcY="}},"K8/CDAm4djYvGfEkDtDHPgdUgHnwhkrZAm3lv6xP8pc=":{"valueMac":{"type":"Buffer","data":"wiQHWssltsPuFqXEqTfuDVALdjltThfgTVVWAGUiIGM="}},"pG0O9AQf7mtR32aLzKFdecXYL3ePWU+pg3kVXnAJbIE=":{"valueMac":{"type":"Buffer","data":"SviaXRFN1cA277rkpFGKqkl396eeOcZ8kdzMxMcTraY="}},"6K01y6252X4/cs+LdMW3EGjxxkYgzzMY0PzPySWEvqM=":{"valueMac":{"type":"Buffer","data":"eC1BBGPzwe0aDhVAu5a4zyroMpi3hw04ywNEMYu6+Aw="}},"JtYRu1O7vS1AfzyVB4tNbQZOw1Yeqban22KtE/TDTHo=":{"valueMac":{"type":"Buffer","data":"wA1w/UXjLwl8kY0abAlD714gd+WEkTUhwKa0JQCFFOo="}},"VIYWg0r1sx5Uxu1xekdNG+8jhBflDcSiH7JAsRSZvWw=":{"valueMac":{"type":"Buffer","data":"ekzc7F4bh//z/7ttfhWvidA0ZGVJTo72edOUXymHmxU="}},"5ik8qmf+27Cj3NmAfsqQd2KruaNToZBWT9KvWHrsm04=":{"valueMac":{"type":"Buffer","data":"O91OJYrNEn9YDi3Nn2e3yACWChuELGiAXMcgOueRaKE="}},"+UMuot2S0ZmY3Z38vUTonJjS4QFqUTruAtz70sPUVck=":{"valueMac":{"type":"Buffer","data":"KK9bvMkB4nBOe4oItKowvw+YNnjNSlKrWoAtktdFfAE="}},"6H+9S/PXJMOrk1O0VguNzm/GQp5jlH+lDFPM1TkU9Eo=":{"valueMac":{"type":"Buffer","data":"aucarEKcTVh7P1BazeudJVh0tJFJFXFQ5KOVoxl98iA="}},"Zk5qf9DiI3E9X6ifq0f4XlqN0FU9a32lYjSAtArJUiY=":{"valueMac":{"type":"Buffer","data":"SasJ5StOIfLZtLLmJgvusxwH1ojYls2XziESK/947WA="}},"jOxC9PJtPUSk6ZfcTUgBt/k+mV9UrYA+GgN9rk/M/1o=":{"valueMac":{"type":"Buffer","data":"FaTSkLmLKSzQvmhqOqmHpPj3IhYE9AeSBkYLzcZeM4U="}},"vjMfpefN6h+2//eeCdZjMhQwBpbengKocn7EiEiTOTs=":{"valueMac":{"type":"Buffer","data":"96hvfdCzxqMmJQOTAxiZh4OLzHUZwuNw2LrDbRJjI1w="}},"FQvFyG4hqTQWW8jUliZkm0YbA2+t18yWf3UGMJHhQHw=":{"valueMac":{"type":"Buffer","data":"+TMWccDYRqIEkXKlu21et1vdhm3xGPRfp+E65Q5X0A0="}},"K5zhAKG3TYQjWwmum0+yOTuGQeGUYFmbFlUAp+A3Ex0=":{"valueMac":{"type":"Buffer","data":"O7rVMJkBokL3IQIVOVTM3wC8pacp0T9qKX5CaXjymhA="}},"uyL71ndLFSh/l5U9Z1ABFNIYkEcmPGh6gBArVsCZ04g=":{"valueMac":{"type":"Buffer","data":"33SESBILZ5Q4zRoOqs4m9bDBgI2VPgAvaUvGn8IuOYs="}},"cFvdCGMoHi+19HvxZAERkhqTBt7uwYmCh/3FQgQmXVA=":{"valueMac":{"type":"Buffer","data":"n9/jn5CwaFeYpQ8TZJLEh6zaZi5wipzFBzpXXeoqnbk="}},"pR6XRIJ6cIbyvrNODsn6r1I2sOCU6S1jNx/W0JpZeNM=":{"valueMac":{"type":"Buffer","data":"YsP6kmLazEOsO0s2u5PbB1M+KaQqAhX9i8gq6O0Z3Qo="}},"4O7NTsgUOi6idH6mGhBMHMWkRHjRWQWxbtACZU1PIsY=":{"valueMac":{"type":"Buffer","data":"z+er4B+fjZTHTEetiJpwc4Aj2RK+8uaA0IxnschLEWQ="}},"KadiGPFzBv6gYN87uQ+B37myb3izKZx4YK/ZEQ2dLZ8=":{"valueMac":{"type":"Buffer","data":"RL6PFf9xQzaAGpqWydX+jL1hP36GcT+K6+a6WQ/WkFE="}},"XUmjjTENLh4o5ezxd8CTGNV0PRrXiubtBoMLFZ3O8Xs=":{"valueMac":{"type":"Buffer","data":"oTJo9No6wcteG/UAxYwFVNvJe+U8b25NVC1Awh0GTic="}},"ke4pJOWJolR3gRph6S3QP1pO7r3HxCXcObWIiGEXOE0=":{"valueMac":{"type":"Buffer","data":"/COIPodTGqXyW25STdlzj+5ZOcB8lgykXG/uNZoIuuM="}},"i7W6LmfWXfxz/d7qkTiZpZFb4Azyyi++G5UgJkgEGm0=":{"valueMac":{"type":"Buffer","data":"TvAHhfxtO7tM2kDc77r4MGs2kEl/8FRPWYoc+rDa68A="}},"AqUHLpItatzbbPWgQoPq0C03hLhTapmP/c2w4I7sO8c=":{"valueMac":{"type":"Buffer","data":"ML0rXnbsuv6Yr0mDPgN55m67rHUk8pKgHBh2BmrNmls="}},"RjA78xILLQji2Rcol/lDBs9X2YPukjD4e3R3l7DGefE=":{"valueMac":{"type":"Buffer","data":"UfRd2Zp/X7GbPXX7RDZWPKNo6zlVMjO+ZFKyU+7yGH0="}},"5c6iVUmIZg+1saIIA5iMer1lP1id63zaf4GM5K2ePL8=":{"valueMac":{"type":"Buffer","data":"+A6v38PdwoiSNiZuA5KJo5daS+KlneqgqyvFLbjm5Ig="}},"kPvW2ZrAETevnftqHrS175LGs5jOeHiWBZcPpuVjmtk=":{"valueMac":{"type":"Buffer","data":"d6rvMpW3pUdhthp66VllwF9O49BgK9YVpeA32EcIRms="}},"I1NUeMqeI/0InQ1sLMqBVSuAaksB6bb19M9pZP0VYRg=":{"valueMac":{"type":"Buffer","data":"4UszbetCk0UX9xRoCgeccEv3wD9i5uIYMT5I1RblFmY="}},"mC7Yhow3H6k3VnZ802qvocwgaszSg58Ct2qi06TWTfo=":{"valueMac":{"type":"Buffer","data":"QXpQU1tNoXUcWm4hIHU1EQej8PtuwvPQMqqN4LQrrSA="}},"2UM7SNBZ5o4Ng4WoLDaP8cl4FE0dq+c3RkEkDchTcVs=":{"valueMac":{"type":"Buffer","data":"2/WS67MoWrWeF5aA580O42T7jrAIJfHQUnK+EX8DJj0="}},"UD8y3TBTpwxQqBRB6uzASN6suaYvXaSZ074gcPyd8Lc=":{"valueMac":{"type":"Buffer","data":"HkppHR2tVkBn5ebc5YylupYsw+J60ec/D+DwoMSWpm8="}},"VGhM10M6nL/yNx7f6OBec940JF0gTbAbBuc3+oyI9EQ=":{"valueMac":{"type":"Buffer","data":"mcgW1Km2l0cnURLexHxRAEKue90/dj56e4I+gLPk980="}},"M5A1DEBHbiEh2XSSN8G5yCXBsaZUM5JFFT4INDpjK/E=":{"valueMac":{"type":"Buffer","data":"ELgH5PgI36CcbzFLUAaKhxR7tBukgJvBhzy4EQ7LUzg="}},"HHF2tPt7gIzTjbIvJ89QyJ9qSNZ3u/wbv6NT+ZKPuoQ=":{"valueMac":{"type":"Buffer","data":"G7IE/rz35sDU6JSfScXnKkZ0eKx+1rV/zR83SRQ2OyE="}},"qhcgjlFIBN955EFDKBm5fzuLWAJKptxuiKIBJxdwsgw=":{"valueMac":{"type":"Buffer","data":"3x3f/sZHVmEB2blhSidGCFY+8SZ2Mw/0dLyK4kwpqFM="}},"IZdV4NfLYPE6BErbgmd7v4onvQPNQMhlNO28sJKjrGM=":{"valueMac":{"type":"Buffer","data":"i8eC0xUtx7HMQ80naKCaRilr+VabLuVKaBfCj8zEbrw="}},"Z4vl7BFAV7nZIEgl5Rm1cyK4TEM4sjntyRoeIq2z2tE=":{"valueMac":{"type":"Buffer","data":"Qej5Md7s/7NZoDW/xzZlxNx66N4624NADYVdBxMvKr4="}},"ueXZeHCEGfuEBj5ZU2FUFd3LEcUhPBP/qNJ4IEQmnxI=":{"valueMac":{"type":"Buffer","data":"Fzv2iRdooA5Kc5beek0h2lRZuPMWWC9HIiHnYLggICE="}},"0wvQ5MAe/59c9OzsZCEDQFjbNWWoASq7LRDR9zF8iwA=":{"valueMac":{"type":"Buffer","data":"bXTpWJqskNpL3bcEE0CmPqdnthfTIecCfIzM17ZOtPQ="}},"XsVqWPhjUAuyQGwQxJLikveJqFWJ0rz7g3rmRQRzIh4=":{"valueMac":{"type":"Buffer","data":"T/WZace/SmGeNFmPsw0wqkvLjWqsXugbYhwUthfb4Wc="}},"C33EQkeJij4EAVgHc1MmrRDxNglq41SIo2gdcka0smU=":{"valueMac":{"type":"Buffer","data":"NAyrSI0DDX/uR053rLH8e9abvhp3F2vORj2BVrOOyVI="}},"Klse7699JNZ6MwugAhtB2Xfon8rCwOw19yBDOUol/Dc=":{"valueMac":{"type":"Buffer","data":"LAW9KZQjo3nAsPUH4kO0YbfGz1t4fnfX1x+zxkvr4IU="}},"o4bcr85ynThZDiHHt2isA3MbhXSSVlE5n2dsdfWY0lU=":{"valueMac":{"type":"Buffer","data":"P50ymAAHEWl6QgIdXKPuRVRHfQyMWIdon5pPI6N3osU="}},"mfmpD6mRQsiggAsKuxTT//E9B4htJxjbbXzxtugOkho=":{"valueMac":{"type":"Buffer","data":"iFb15is0hcvVg19YePf16iyc5dGb5nwDSSk2QR4vm8g="}},"JmX7KRy1dckkk/oFMrS8UvHgDMusKJiyM+OuKiiYIww=":{"valueMac":{"type":"Buffer","data":"Y5aNacPKHyFPwx7WSR3mVAgCM1UbZjFXBybxjDRLJlM="}},"wzShMmhMFA/6NgMd13z+QJzFeIjTqIJH3Sv1dqlXPUg=":{"valueMac":{"type":"Buffer","data":"P32BbmbxP8s7U8ee2BLnWnHGxmFHJe44aEhdIAFmCuo="}},"qjrNtlunwG5y11zaenN0m04QHK6l4U9iSwBAUmd3ofA=":{"valueMac":{"type":"Buffer","data":"R+chTdnmkpeTeiDz7vfeNT6lpnxhThk0dMAE0lROPFM="}},"hggPqG2Mxs9FC47G3EBA8BCgHDWQ4ByBvZmYsyPtLhc=":{"valueMac":{"type":"Buffer","data":"CCIlMa2fHEjxHTGIuRie1LEWL2RyWrMh9zz7vBAZ0Pc="}},"FT1nmgppsYC1yOPKLhX1NWMuRolqywvoiv88J8FxCdg=":{"valueMac":{"type":"Buffer","data":"Gm0LZ0YNBHIc+2z3s7vUyqcwASstgL1ss11D6wWIAkw="}},"X7kR97J16xuVnreb8vGOIy5q3chcR7mytlM7/YDbNkc=":{"valueMac":{"type":"Buffer","data":"CMtWs2v7vuyxNrrVLPOpL870BESu8AAJhyJNAp9gbR8="}},"smgPl2a8p68apNUXQzy2nFUcUSlhAdYZVnv+fYQ4hVA=":{"valueMac":{"type":"Buffer","data":"0xo7bBMEZ7D3B5t8p+C1KCatRMChK20HE/TEFdCwUR0="}},"xpnZH4uhuO9Ai/PHGkrOe/00aAFJqHDOVz9YOlkjouA=":{"valueMac":{"type":"Buffer","data":"RoQnlWhj/ZjfgQYyE5DWCKC/X8rvuLT98AmvLGgQ17w="}},"MjWLAFyr8SIJjnEHIxpUEL7veCDteJvs3HGfSNlCWWQ=":{"valueMac":{"type":"Buffer","data":"XBlDECbSxlemsPhsAKY87QAyCkseFiNRS2X2iKtVUCc="}},"qg0T6XFn9LYCXkYlizQdOZnDNHAsRH/fRDGTM/7MDrU=":{"valueMac":{"type":"Buffer","data":"cxk2UMy/ZpDcOxEvkvqpj4E7hOflwb5tExmrH7DLgR0="}},"SUAukxPj6zaG+9ZkESXpgJ47Sj4f6iauiyfAl1mG4X4=":{"valueMac":{"type":"Buffer","data":"2G1SsvkcsyASEUeqLU1ASMG6ePdvCWnE7/9xaAS86LU="}},"8tJoq3oE8Dw+XCHSajqs/yWwQbN2NkRokjFwBF2jzD8=":{"valueMac":{"type":"Buffer","data":"373SuCSDYaos1seWSNJOmMEFE76JcdquSgzqjVHVf2E="}},"jTRDiOpHH4hSLT0abe2lpquf36QMyyDPXqZFioxCDPc=":{"valueMac":{"type":"Buffer","data":"iClZVvbsKAIlG/icOIF3LJ7u0aPwx1wguq3tankIu/Q="}},"8UxgAtBOzN0qt0sP54zrw0ptmNaJxdorA8YkJYV94zA=":{"valueMac":{"type":"Buffer","data":"3FXRXYWD+am2QPaeNe7VdH5S/3Fs/S6aOZGwlsblUcI="}},"yh67Cf4wgSJbqKaFqCjo01JLVX3Q8JQh7dO66RlgSoY=":{"valueMac":{"type":"Buffer","data":"vDVrP6yQ39WHBOi7M1JWBTgpy6i8hoofUuXiYH3fy2g="}},"D6ePzc/h0MNh56OCOo2XWo4QP9f3Lhd4he1WqC34r48=":{"valueMac":{"type":"Buffer","data":"lYCnB6W2K6upexSRvctw7dJ/W0N6DcDdpmxDpDwaAEk="}},"xeM798NMjRvEAK59NWBRVpmnX1UhiQRePCKA06bCpqs=":{"valueMac":{"type":"Buffer","data":"8UJKmB4YIRRdWpNM6iL8t8gGmmUhNv9o0D6Zmvz4UFs="}},"Lw84Vp8xdsbRroMEBmnQw1mohY91eiKHsqTVwnplWlU=":{"valueMac":{"type":"Buffer","data":"EJLkT5sOwDSpiiqRwg75XTQw0hg/WKQ4krywu0kC+zY="}},"kbWLAv60Ap8KdE3kGLX0p+X1PBGLqRTMYwnetaF5JvE=":{"valueMac":{"type":"Buffer","data":"zTCfJywbsarGsRHNv+59BUlMO6nrl0IBaWH/gcNlgxI="}},"VtLmNoiNkwaBnv4P6eNzO6PrD4oGdjVCZVbZyp1tsfY=":{"valueMac":{"type":"Buffer","data":"CQqfPo86ki20xlVkhkiowFaUN0lJRabilsugbdO9ldo="}},"1hZKhq38eH5Xrhqu1V3atcCeNWazb2TuKwek4Fr8Fiw=":{"valueMac":{"type":"Buffer","data":"X7KJ+G7nKRsxnMDeQh2O7+1LoP5huygQKtbiEYemB2w="}},"Wkcd3i3xNKCixn9prDj1uMX5A+p+/Nbnx/Kj8PmL3uU=":{"valueMac":{"type":"Buffer","data":"gr1IlLWfR4SeQr6ZMsopZ8q/FCCd8uB/OrptUi8k0AI="}},"XOZoMOT3DyqbfNNJ3YIkOAKNEcqfTHJ2vVWWbC2DM1Y=":{"valueMac":{"type":"Buffer","data":"b8gbWSUYNqI4runNQ1xxYJZbqWunBat4ARLQOmaXWEU="}},"v4dggOzgA/mUox2mPNE/Dn1N8DPtU4OC5wSXA5/sBsw=":{"valueMac":{"type":"Buffer","data":"g0G055SSouQs/BXif8FM8XTqKi/0TbRvIjqK5SRgjfU="}},"LviSytNa/BU8Nr57gy9a3s0x8aruUeyrEAOpWaIVLXk=":{"valueMac":{"type":"Buffer","data":"4AhBfG7x10k12xBbrRPrYs1HUIYsJqxpfg7A5oi59ps="}},"ks2tdOAWgrTMEHBlXvW37UJGrzBAQxRbyfYYFxKgqvc=":{"valueMac":{"type":"Buffer","data":"HIziO3jgWeOkjw5LQirCisXPJzlIehoZ1aM9GYo1N6o="}},"GvHij57JSBvDpFuSp6yIqih62K+1K9s0NXNQvtY13Jg=":{"valueMac":{"type":"Buffer","data":"bbHqYKBryRbi3xg/pDMBZb+NH5GXmvoIFB1vl3o3XBA="}},"5FJlQ7mXzq+NRf5gE2IXdswqrufhpjNzgalXI+ApE5M=":{"valueMac":{"type":"Buffer","data":"KDaH9Wikv1M1Iu8PJSH9c8yGz5h+W+6PK9BpF+ftPb4="}},"qTYwhTsa1oiDg4MutqgFRKPG2KQLZ1rjUDn3VbfHWP4=":{"valueMac":{"type":"Buffer","data":"f2+8QWFVeWA3hJbCbrxPcGyOU4EgvFXOANAMwlqvK2Q="}},"fGMR1aG/9x6VBXRVnXVjCtzAZtONsvwTyzZ5Cl6HrcE=":{"valueMac":{"type":"Buffer","data":"U2XTe+FLgzctxpbtoOm3h4tr7FSFsbJnXpxXNmdhqjs="}},"GkXQjGFwQNwMrw62E9Hm4YaYlfHB+r8YLQDoYb1hVuo=":{"valueMac":{"type":"Buffer","data":"vj9INK4pEfnRZb5svfcPI5pyYUPs1mTiyLXcxln9ImA="}},"EGCIRzowukPs7h6uhWdpRxqEGsO9zS1YDU9zhq/xV4E=":{"valueMac":{"type":"Buffer","data":"ShF02AqwHkYZsbQC27I+iWyUDLRCJpeqn87jsEvAVxo="}},"0VrALZLwBeHBI9EmQYfWzqKYQMdPO6mCchg11iWEyJU=":{"valueMac":{"type":"Buffer","data":"VxUwhDE0PgkC00PTMrNyfHfVWsG6FfZg6aCthc6hC0I="}},"SYL2d9fS/iEtrKm/hTvTDvG15yo7cKS6UeuHYa5Rpnw=":{"valueMac":{"type":"Buffer","data":"mD2gcV45sSii9eqHYuDbJPTrM3Nsc0/QCYPdvSi29IM="}},"hz0+iS58GqWg6QInXgQoX6zRgEcKBRleQW7CLlqhwp8=":{"valueMac":{"type":"Buffer","data":"AhahVcvk63QaKKpEdfxc/UK8GMem03MLeqeO3Doqqmc="}},"gIX2mBEs8j4XKHg0p0Y/l3yK9/V2bKmqVeB6LI7ww1Y=":{"valueMac":{"type":"Buffer","data":"IHoSmfxgjvKrtYf6hF8YLAG41/eE4Y97vgJkc6kUUv0="}},"xGt5Sg6ElMPI7QPROnxA+9jaNlwaHb2VgLo+mre2ekA=":{"valueMac":{"type":"Buffer","data":"JmXkU/FA+zZZwg5FMbaUVFiAt4c6WdWZEMeRMQzLkbE="}},"GhBikXV09d3qDiE0aV5TFEva1MwAtnFj7pID216HPyw=":{"valueMac":{"type":"Buffer","data":"7+IpZIIzHp1RedcSUbbWlqpEhkeamifZuEPQNH1m4Vs="}},"40K33NNawAvoDE0zAqVygUAaSjQr8UMM4zpao84xnTE=":{"valueMac":{"type":"Buffer","data":"Anb4b6KLyfdiL0GZsKkxqojOLB7oN9FvI6BgU+ISRqk="}},"qDyff/4QV5mjX2HLDVtBRuwqS5PPHGgJEduW1MKgp28=":{"valueMac":{"type":"Buffer","data":"582flckH+LPrg7hLuu22EBTcxLGwBFTqd8hFfLYH7o4="}},"dYE/DnLuMRw1T+GGOrOo/etcsN3S252wUxzJBDYozV8=":{"valueMac":{"type":"Buffer","data":"xAw0RtEEXhaZrtYuSVmcFUnd9b0zDKOKTIWM3jNHN5c="}},"Fx1m/2mFWUEAPPMP9zFb1jk4iaIavliAbb7YnmHqSNw=":{"valueMac":{"type":"Buffer","data":"JDUgXdl9wwv2XMdSixYHqtGbSTj4TlpVS42UZuFVuuE="}},"N8PYmoCRZCjbtNaKsdFSC3BtJf0ilHJRwT1SNER2QSA=":{"valueMac":{"type":"Buffer","data":"Qb/HBtOxtCa5mEoFFiTtWE03S/RSt8ErAB7Gd6UQXR8="}},"QfmZVx1f9WF4BULXVfgIU7BFFr0hQPLizQfDNa1h3qQ=":{"valueMac":{"type":"Buffer","data":"wQvuvPgLY0AGOzQeWaxEDb95SN165unn7KapI5TLf5E="}},"mnTvsJT//x3MC9+JdTSdbQZVihlQQwqbdL86NWih0us=":{"valueMac":{"type":"Buffer","data":"JOyVyFMKhmo014Yb7okYM/wgLrFgenRvfuwqwTsMEwY="}},"do1N8B5y/clKejOaS9KDi1Yai9tk1qrMMJHbjwwHfDQ=":{"valueMac":{"type":"Buffer","data":"FsUcmp2pbFgIvTqjWZvoVnIjcPJxdoc2UHK8JYWJvIA="}},"rqynVlwqd1kIyxtImCr7LaivNqt+57A6rer/IfoZRv0=":{"valueMac":{"type":"Buffer","data":"O5H1mQ9DqRqP3yinxPLJwELOEZXDJC33bEWEkvOrJHY="}},"OW/nsJ7ZZxhQ995C3/SCFTY60d35S7K0blW4ZuZ2+xg=":{"valueMac":{"type":"Buffer","data":"aOgvsokPRWnaX5H467z+nP5jcEZtVsqmTSjO4kooHcI="}},"rRT/t0IV8jGCrAB2NVTaT0wC/3CatghtFXzxaDmmljw=":{"valueMac":{"type":"Buffer","data":"VC10wXrM9lx7LSbdBBf6amrDTZd9G+kvNmV8d4YvOmc="}},"xHX0Qa46QxYiR52tXHjIHggUnhT2KhHcwY0YbQEQ5uw=":{"valueMac":{"type":"Buffer","data":"vOtdu2Jj0ewaEZPfUdnNnmAJKI7nnB9S9n3w1WL19Ws="}},"wqJtZ0b1h1BB+5RVl9ZEFdNK7z05JNZu88I665fBhDQ=":{"valueMac":{"type":"Buffer","data":"NBbedgree7IzoACvVOT8nXM84zPstzPSZd81h6SeiL0="}},"n20bZSSC6k9AhEQdS1SCDBqJTjkVDWG+kS8Ws2nWmmU=":{"valueMac":{"type":"Buffer","data":"454/NAlqDpszTaa0FrO5lRw9DZIHWHFmjOJMhNEXFKw="}},"/6B/FStLDnDZT1Epid4F7dsD9hVZWWGyaziClmweeC8=":{"valueMac":{"type":"Buffer","data":"a2RE3ZZIPPHJxwHvGyQ72WP0qfN49cnhHrliw1UOc1g="}},"1BVuoebsKunSdmXaqQH+/U3ebgb648SyJgWqbUqNdog=":{"valueMac":{"type":"Buffer","data":"rdfW6ycCsAAdOKVk/VUGRksrluJXvne0DbiITFBV0Zc="}},"KsdI4z4nrl7PZCrk1jOnNoewJpko58WJZFxGHrGtmWo=":{"valueMac":{"type":"Buffer","data":"O5zn+Dc74kS9dHba7/YHYLWqG5yyMgG9RDM2SoDuJLY="}},"Q6gZqWdUeHPokSSR9V2hjCDKQMYYMf1AC2seQlhnDqU=":{"valueMac":{"type":"Buffer","data":"BkF+XQQSJXJIZ++d9nOhJe1MEMORtDlMJ9VGdW40hzE="}},"2Zedw3O6Dj3xE8eNlO4wp859prJ026khlPtcRcm1blU=":{"valueMac":{"type":"Buffer","data":"7zYPH1lKpeM81ALIdD1AA7yTC7/OaGDtx+iN4MiTHuA="}},"gtk+X3d1db04cfITo42hBvgqDE5zAjsFal/4a4ZGAN4=":{"valueMac":{"type":"Buffer","data":"5tXCA6Lf/r6FRbieOfjuDQXKU0qdmromzLJ20AhY7c4="}},"9jnMj47udwLIvtHRBqlzlAo5mvc7OWM7zipeKC5Z6jU=":{"valueMac":{"type":"Buffer","data":"3/saSMu7h4uCk6fQ7bndygSeBZ4Pmcje2ZsxhlhlA5g="}},"shdxR12rEaQRGwaW4ZR1wY06Tou5KYIbZgwTbrb0FwQ=":{"valueMac":{"type":"Buffer","data":"KbxJ8tzdn73GpjYixfPAVU5Kw9ee4/jXaKkmhPE95zE="}},"zqW67eEw/fKK6WrNRaDDIMzrUZuM+7ddKMtO9nwEDzY=":{"valueMac":{"type":"Buffer","data":"Dgnm2LkQauyugkanVW9l5+JNVIw/O71RL3zdKfa9wpc="}},"Uu5A7U8+qJYykskBhUwKriYqB14K+HOkPGZjilghniU=":{"valueMac":{"type":"Buffer","data":"v7C3rDCx2DCAx5Us1IKtTMUFL+TObqraw0I4ZXyy5iw="}},"zAqRil7tcEqhhx/qe6rYCwHfWf8x+1kcH2B0+C8uNq8=":{"valueMac":{"type":"Buffer","data":"N/76QlVP+Kzw+vcJDsxNZojEYEvZI1+imgCye3zT93U="}},"W2y8pzLF7TaqdkS8qV12ymbPxCHsOZk3I9/eHjrCBVo=":{"valueMac":{"type":"Buffer","data":"7deDsZ3ekeLFaAoZ7Z2ILwqLW3Ul5OrALKKGtFH4rOk="}},"l8N9GAIJ32pfmbe/bUIhNAt89KiT8Wtq5Kxjq90L6mk=":{"valueMac":{"type":"Buffer","data":"EgjErts8R6h2y/Btl3MYamhBspImGVIjJJq63RNnBsc="}},"W3LNsMqVQDZIgRbv613xYfIn7TrEt3BBjPSYJ/X2riM=":{"valueMac":{"type":"Buffer","data":"BpvyD6jMLZVHO0y8cJIC4jEOlJ4zM0alun4rrchdw9Y="}},"65u/1/UdwkLA8TjdByxgWnzQ9/qcJYA2k5whSWuSDvw=":{"valueMac":{"type":"Buffer","data":"M4AnKsDvacZzsrDe0OcLm9NdHenQAgPoHyt6cWMh7Q8="}},"qjKy101ugXDr4KtCC0Yl1/DVLIpWX43fJJCrAFK17GA=":{"valueMac":{"type":"Buffer","data":"WBz3stbouBcaZen3RbwqxFbEDpRXXN+DliKATrVhg0g="}},"/bQq//0PF8gyxjX1nln8etHKrYX5qmOPn1FoH7P2WYw=":{"valueMac":{"type":"Buffer","data":"+89l7yvSrQem8Z365DEKxJKBSMzM6YhSYbuUY2EU578="}},"XIuMhu/W3Facpe68piDiXa9M8zQsx/rYzFEFyGsgYj0=":{"valueMac":{"type":"Buffer","data":"HxZzXELPqVIEqVTeHJI2BQKwznNz39sNCrcC2cyxVaY="}},"LMDrUOm3V7RjmoDAV0bKeHSBPIs+N4/6t0xNXSzDqvg=":{"valueMac":{"type":"Buffer","data":"PH+xNyL0/qcXHtrFgK9Uu2gIo4nwG1F+LXhYmLkXPmw="}},"6D0TKTrqLsegaOeW0bCRjV3rqbiNkGdXoVenecldFsY=":{"valueMac":{"type":"Buffer","data":"JeOpTQjr1v92o3MmeuR9JE8BvH151Nqk6PbvldkyfCs="}},"Zq9GO6UzTVjPM5VwvvEaeAGq7armqEcAVxt40OgkyYI=":{"valueMac":{"type":"Buffer","data":"S509dZyNcWncVJVMyY9yuKgJh7I/4Q9+KgvtxnOrAGU="}},"T66uy2yTsvUL4zcDjgJSkhhx25EdkRzwsgi7UuCVEos=":{"valueMac":{"type":"Buffer","data":"RIM8f3AZW13clq9tI+JtTN9Y863dmO7gHMJmJtuhP64="}},"Tzu72/yFMfw68G7ZJBxy3zyH42N8V0w1I7cO33EpEz0=":{"valueMac":{"type":"Buffer","data":"YcGy8KbVE10E8zpv4KPHVhKOmDTW7Dks2TubOTX7MKM="}},"emZuv+SillLQozvzVQ41O4Yxf5+Z6nHLq+RAVHf8AJI=":{"valueMac":{"type":"Buffer","data":"Rv3ovaa95eEioYce0VxBf7YkbcMVRlTJFkYkamOHqkc="}},"PfnayaRzyjvtbpwllHiuyCGS1M9QimIj0PNptB2ll80=":{"valueMac":{"type":"Buffer","data":"+62EGIw5TiKPhl8si5N5XaDGSB9aAqq3dWgYHzUm2NI="}},"o37Pb1W5ozMN5EecxruQkzyHG9sEoLCt8JrhooGUb2M=":{"valueMac":{"type":"Buffer","data":"a4nBaABiN/nNYEwVzuSjuvGkzFR1mgMEQ0z7qrq+7PU="}},"YdXgycNEkBNhDPA6VbpwMoxAT6Mlcm/OA96d1NEPHXU=":{"valueMac":{"type":"Buffer","data":"/Qntcba6Bt8+TIfXRwJuINV1D112EKUDg126Lf9rxI4="}},"UIWdztL3EDK2eJI3upxjoX0ncMV7ntrmx5X6Iiu1cF4=":{"valueMac":{"type":"Buffer","data":"CnfVPKp9bwNC+mZvB9lC3u4aIZh76ByO+UYJROFzR5o="}},"OjEdG1YXvQA/2tGkO+2mo3zCtXWYqi9yYPyii50KgHg=":{"valueMac":{"type":"Buffer","data":"WANYuUuY4M6izoaHBLyIOSiBem9LZ7wMjK0DFNfmY2s="}},"M7bx24L3SNgsLuQm4Yw2z+CZyST6HKyxpzV+zBLxUEs=":{"valueMac":{"type":"Buffer","data":"L2lZOi/MsWoyH9V1jsZhzQytluhUtD7Jm+NSSwSRbbY="}},"jWAkI24Hafm6ZF/RHKvu+roDQ+SQggYOScC8siNYLZ0=":{"valueMac":{"type":"Buffer","data":"C97WIcXuS3e1HJ7TRgZOWqNjxedNXDAMzphjCmvDg4o="}},"/eUskl1s+SGjczZb+mBwE2oUcOr+MX+jTj6pB+yH3A0=":{"valueMac":{"type":"Buffer","data":"fnTtx1Usjr9tbIG4SUTrXizgBEDwbjRdiJRpTvkaGho="}},"WAyxR8Kvv5CxX5XrHdsUd5zEGNNAbZqMdn8xr7b2dF0=":{"valueMac":{"type":"Buffer","data":"LaviMGaAdYn2fzddi/zgYEiIqYIrVot2eBqsAOBvZ0Y="}},"ZU1P5s1EikLoG4VfovqO5edS92yuYFmsOCLAJp6D+/4=":{"valueMac":{"type":"Buffer","data":"iqDPC0aTmAtK+Ex9Zy5OV5NrE1sZtAs1BoUoWukq3Ns="}},"/7L15xZB7qoNLZvblPdakC3+FLram1ACRrfDdujLTMg=":{"valueMac":{"type":"Buffer","data":"g5kLNcO+yR+e976ZoL1fnEgmm3Q/7LoHLOH2xbH/ulA="}},"RPfwKurhEnWoQVOeNo/kYE+SXLSeZ0GSPy5BFaALnHk=":{"valueMac":{"type":"Buffer","data":"nEgQkheS+IH89dtQPpXyh6xBklJKqspIxUUMwP6EQFc="}},"LRRB2eUB2OxqXTC4e0xtsqm/jVA1cXgvOf0B8aSFuqg=":{"valueMac":{"type":"Buffer","data":"Jzk8qqzTdQx2d8Ocf+fxTTVV4EQzQvh+Dc6z5jyfw+w="}},"Pbirv2hU+JZw35AE0A7DKWN6LIXZNegdQfie1lV4D1Q=":{"valueMac":{"type":"Buffer","data":"a7WvmWTT2pv/txdQT5vOCRBqmszwmZwcaqL9aEEKtoY="}},"41iu7B4zsPUfRY/KivgJgZFYUIda/jOrBGK6NaMHFFM=":{"valueMac":{"type":"Buffer","data":"ehiufU1h1MNKan/suQWlwp7M7Rt+waxL3nr4rr4yz7A="}},"QR1lbi5/VlpPKU7t2WeaMLjZ4t1/MLBM+qB7NzwHM6A=":{"valueMac":{"type":"Buffer","data":"an0yQQi5Ch3UzACvK1oOisX8efnbzax49EFjEotUALc="}},"zOpPznAKNoGC9fEsSQAEYlLrjYPm1UAz528oKP/1yY0=":{"valueMac":{"type":"Buffer","data":"xd4o6fLvbUkxxoG59sfSZUUMBTF0IcFThPTX4a3Tk9I="}},"iaubtosr3EJc8R0cQNWIVNBbNfLJHkomlYBwNTV3R2U=":{"valueMac":{"type":"Buffer","data":"cV3Qjux9LlEPOVE13nF5bKPOo7/XVQeZhMA4fK2EINE="}},"H5iAkjvmQgUWb7TmvlDrKiucc8NmgGN8n1lD2oW6aBw=":{"valueMac":{"type":"Buffer","data":"kwTBapmsZaL4EoTmPACNWX29Z3R+ZJvsPQcveku511g="}},"tNA+DiOV2ARATKExwKGCODBelIWEyVAeSzOqw8QdGek=":{"valueMac":{"type":"Buffer","data":"dBpDvnF+pwCb8XPOTZUjNkyNj2k3lQDotLbAu3PC32c="}},"0Ky8zWkoSJF1KbKnHY6US1efb/AYdjsRcf3bcLMDRCk=":{"valueMac":{"type":"Buffer","data":"1s9nt3v3ytPQPgOMAaxO6pbNjNHO2kNPo7MKJ1XJH50="}},"oTfDnrBaFcxqlxHO4hrwCWszmfQbjZfbp6qYRLCYeGQ=":{"valueMac":{"type":"Buffer","data":"xTCwCP13ZhytkkKSb3CHJwI3zRdJcYZzhA1mrgxDmp4="}},"8OKZWurqOsdUIYi93ludY1ag/jmhNBZ4QFW0LztKcls=":{"valueMac":{"type":"Buffer","data":"Q5gfMXynajWKcvptravp90VvjIA8lIXrAj520VHP+3Y="}},"Yn3vWWCCucjBrRtQvLTdzzUavvKDIrNIBsgpU10ioMM=":{"valueMac":{"type":"Buffer","data":"ykEgRu3MhQRbs7XvuiZADJhaxG5XoWrB1BvL7oSqfvQ="}},"pWdx1gqM8T7vqap+2MtkS8/OvJDYpaQhvpikCuVXLx8=":{"valueMac":{"type":"Buffer","data":"OZc0Jj4Mw4cdL3V++8Zi5BSCfk5akVQQhbJ5BqBPOYk="}},"zwFwFZmvpLZJzIvBc5H8ui6SsV8Qyt00HVXyqSYW/ec=":{"valueMac":{"type":"Buffer","data":"8Ve2tzUo9UJMkjTXxg3kWOkV0pt4UcBBxNdZ2L6bS3c="}},"k3Mc/+qCaLUOn1f7ZTiJxuHh16ucFqZIhQLg8Ljuzeg=":{"valueMac":{"type":"Buffer","data":"WzsPs99ek65mN0tVVzkky1Vq28/p4YndGfA0k89QMX0="}},"ZFC9cE5AJ0R8bkwpYUcBrCxa8vp8Hw2/3SJe112sXao=":{"valueMac":{"type":"Buffer","data":"RvDsrlj+49bdKTWBcotrdso0X9va6eV2iAaR1k1viRI="}}}}