{"noiseKey":{"private":{"type":"Buffer","data":"iGum6VFutzkN0rNVZqWHLsXRMhpA1jFjzwmlsN9lxHI="},"public":{"type":"Buffer","data":"M0165Kv69iVADKC3XEEb7WEtrlkw9ii0NSszQcibgWI="}},"signedIdentityKey":{"private":{"type":"Buffer","data":"aAH42cPtTJvsUzTxTImzF3fp+gcFAhYffAV4N6m5Y3E="},"public":{"type":"Buffer","data":"YDqcLV6Q1BIWnMUbKb+q0f1BTOg2qenQ1m0tsErGhzQ="}},"signedPreKey":{"keyPair":{"private":{"type":"Buffer","data":"EKk0gBzOtI9J+zdlVzVcdehk2MMXGV1Ub6cZmeswnF4="},"public":{"type":"Buffer","data":"XGecAXRa2NW1fftYF/mBvMd6BhkTyQYBjsLrsHcLkHg="}},"signature":{"type":"Buffer","data":"V/v0+GxoYTkQdrgpeCvVruDBt5SgjMfeJ8HldHT1MubQxik0m6KcLSgdxIbS3zo1thFviOtes9fTq5rkY3uMCg=="},"keyId":1},"registrationId":135,"advSecretKey":"+xsZMkb2soJfKVCsnNFfJ6/u3kMEMJKiI5aQjN2n2Wg=","processedHistoryMessages":[{"key":{"remoteJid":"62831529100412@s.whatsapp.net","fromMe":true,"id":"0440C8F2B25C646717DB059F5D775203"},"messageTimestamp":1666000093},{"key":{"remoteJid":"62831529100412@s.whatsapp.net","fromMe":true,"id":"223E1F2A2BE92BCFA3D2FB105BE96309"},"messageTimestamp":1666000096},{"key":{"remoteJid":"62831529100412@s.whatsapp.net","fromMe":true,"id":"AEA18C7747A726F2FC8969CBE7F9ED22"},"messageTimestamp":1666000155}],"nextPreKeyId":31,"firstUnuploadedPreKeyId":31,"accountSettings":{"unarchiveChats":false},"account":{"details":"COy6yMQFENDJtJoGGAI=","accountSignatureKey":"nCv1ntOkGALzhreoBG1+z3nZuxs04v7a4+eWozw3pGU=","accountSignature":"x5r/cxQoHb+4prjFKMHd6/qGoJ2l6vgYDiMRwuDdRvITecEbULWVN2XQGc7v4mi2+aGCmooclq/9djzoZTV+CQ==","deviceSignature":"eQP7Rwl1wwaPS57YnH9VG/LcdG8GnnVDUBLA7ATqijpI83WfVEiwAadPrPsrb30zpjVJ8jpR84EG+C01Ut1zBA=="},"me":{"id":"62831529100412:2@s.whatsapp.net","name":"PyBot-MD","jid":"62831529100412@s.whatsapp.net"},"signalIdentities":[{"identifier":{"name":"62831529100412:2@s.whatsapp.net","deviceId":0},"identifierKey":{"type":"Buffer","data":"BZwr9Z7TpBgC84a3qARtfs952bsbNOL+2uPnlqM8N6Rl"}}],"platform":"smba","lastAccountSyncTimestamp":1666000083,"myAppStateKeyId":"AAAAAJQB"}