{"_sessions":{"Bca+CGFFIspLAbK6ldOMSZQla7ZDvKG65CA0O3DyPI4w":{"registrationId":2074139761,"currentRatchet":{"ephemeralKeyPair":{"pubKey":"BVh5lLIqNWnUYJ30UgQzQh6UQM+LOBquoCRSQ5NkdsdM","privKey":"2NZ7GyMMrA4WH4rGzITOaMXqOe25oyN122dcdUWz2Gw="},"lastRemoteEphemeralKey":"BR8navVLqpwtB/S8uukrjtua3L2S/VC/6T49f/pUy083","previousCounter":0,"rootKey":"Y7DOjw9bN9px0J88NHdJI+nwHh74cQYLqWptvdMqaec="},"indexInfo":{"baseKey":"Bca+CGFFIspLAbK6ldOMSZQla7ZDvKG65CA0O3DyPI4w","baseKeyType":2,"closed":-1,"used":1666000190330,"created":1666000138903,"remoteIdentityKey":"BaygZl6M70EsBFZIuMtuHkKTrX16zigViXMmwWjn8XF0"},"_chains":{"Bd6ZDyJqOt4kRUSQX30wKQZJFoI2dup/Sipg4bvL0d8B":{"chainKey":{"counter":1},"chainType":2,"messageKeys":{}},"BR8navVLqpwtB/S8uukrjtua3L2S/VC/6T49f/pUy083":{"chainKey":{"counter":1,"key":"WF9MrUUPzgKgPUpx36ee0QSg1fUeloK1L30Ie5NRoi8="},"chainType":2,"messageKeys":{}},"BVh5lLIqNWnUYJ30UgQzQh6UQM+LOBquoCRSQ5NkdsdM":{"chainKey":{"counter":-1,"key":"WZJizsCberICwKHCVMyrvYosNmmUlR+keVDssoHFKqk="},"chainType":1,"messageKeys":{}}}}},"version":"v1"}