{"_sessions":{"BTiK28Q5P0RhCPGaM7g7qwCZYnOD0bIETycVODklDHEp":{"registrationId":968093841,"currentRatchet":{"ephemeralKeyPair":{"pubKey":"BUNioleo4nIbBUdOK/H7Vw2x6PbWShHOZA7pdSyRAF57","privKey":"WAwe3itRLAMIdNMfQtXJpLxpgm+zn4KFggWNbfEJUUw="},"lastRemoteEphemeralKey":"Bbbd0v28+DvvwJ86ABSlGdwErwrajAwAe+gKs4oDv2BO","previousCounter":0,"rootKey":"+RHL4oIeYn15mPilYOUX1RQUWhD/iSKZyVcoERFrCsM="},"indexInfo":{"baseKey":"BTiK28Q5P0RhCPGaM7g7qwCZYnOD0bIETycVODklDHEp","baseKeyType":2,"closed":-1,"used":1666000190425,"created":1666000135770,"remoteIdentityKey":"BcVsfw0aqf6qa6mu5q1xgDqLOWqezh4jXr9cVi2T0aFb"},"_chains":{"Bb+ZfUAWFo8tbVC/mC81Qi5MIjSPKQV/Pnh0j+NVOcpe":{"chainKey":{"counter":0},"chainType":2,"messageKeys":{}},"Bbbd0v28+DvvwJ86ABSlGdwErwrajAwAe+gKs4oDv2BO":{"chainKey":{"counter":0,"key":"lP83dBqn/zDkFbSKuQDSfSKzohucj1AdmaTQToC1TFM="},"chainType":2,"messageKeys":{}},"BUNioleo4nIbBUdOK/H7Vw2x6PbWShHOZA7pdSyRAF57":{"chainKey":{"counter":-1,"key":"ffyju35HC3r5mw0xjUX7K4qBgDImdA8RTyoXcOX1e4s="},"chainType":1,"messageKeys":{}}}}},"version":"v1"}