{"_sessions":{"Baw51VpVST+p4IyQypn8SZXZGSC9es4OV+BJ+4huIe8+":{"registrationId":50,"currentRatchet":{"ephemeralKeyPair":{"pubKey":"Bay0yVgvLeNPBweN/SZdammbtk9LX8BT/RWil5D9gBcf","privKey":"QDYCn7siFb/SWe5sJSFVgI/NogeipyQa0oJo7lrGFk4="},"lastRemoteEphemeralKey":"BXzurMjqdgRVzyis5UOuij6EP9PucaJdyLg6wg47WyUR","previousCounter":0,"rootKey":"IjcKD5mOZSEeHTN1MpGS+sDwSmtTnCSPcHA0IjQlqVs="},"indexInfo":{"baseKey":"Baw51VpVST+p4IyQypn8SZXZGSC9es4OV+BJ+4huIe8+","baseKeyType":2,"closed":-1,"used":1666000190333,"created":1666000190333,"remoteIdentityKey":"BTBnwT+c5gVY8u2BHsa9uncIdR0TqvcLLdZ8ACc2z3lt"},"_chains":{"BXzurMjqdgRVzyis5UOuij6EP9PucaJdyLg6wg47WyUR":{"chainKey":{"counter":0,"key":"Zh1OfHUjoKxAcjLVHZuULfQnQBPIOCw6J65ul64vWUw="},"chainType":2,"messageKeys":{}},"Bay0yVgvLeNPBweN/SZdammbtk9LX8BT/RWil5D9gBcf":{"chainKey":{"counter":-1,"key":"Ab/vqXHrzDLmkp8zp1A6ZdJgOOnJSz1mLVdC7Gzcup8="},"chainType":1,"messageKeys":{}}}}},"version":"v1"}