{"_sessions":{"BYJHFkhs3eIUAXxfT4S47f6AAzS2QVbBWkdeXiPtebFR":{"registrationId":787302593,"currentRatchet":{"ephemeralKeyPair":{"pubKey":"BVSBJryZdn4FOI8HtdwRc51mV7C5g7LxGNbXkMlPeL5P","privKey":"QJXD1TAq6wuk4FwyJTbG2gcDAVhcQ/RQDzFS0o5A/Uc="},"lastRemoteEphemeralKey":"BRNM9yPU/BxB1JlBQNZiVbfUVb+VZt3gfZhdUgLTo6tB","previousCounter":3,"rootKey":"eBIhD5Gd6LSB5PKeV8xHbYIHhaq3wZfwt98g2mePAOE="},"indexInfo":{"baseKey":"BYJHFkhs3eIUAXxfT4S47f6AAzS2QVbBWkdeXiPtebFR","baseKeyType":2,"closed":-1,"used":1666000155499,"created":1666000085820,"remoteIdentityKey":"BZwr9Z7TpBgC84a3qARtfs952bsbNOL+2uPnlqM8N6Rl"},"_chains":{"BatsQcouTZX428wm5Ukybt8Ma9tG+4wNljCwIPOc438v":{"chainKey":{"counter":6},"chainType":2,"messageKeys":{}},"BRNM9yPU/BxB1JlBQNZiVbfUVb+VZt3gfZhdUgLTo6tB":{"chainKey":{"counter":0,"key":"7xAPB0pJayX7uAKdDeYlXf6jbqDt4PcjN42kX0iWPK8="},"chainType":2,"messageKeys":{}},"BVSBJryZdn4FOI8HtdwRc51mV7C5g7LxGNbXkMlPeL5P":{"chainKey":{"counter":0,"key":"D7/DHvPGH3DgYBGKMxvqSZd7LTaBcpVTbT8irJnUXag="},"chainType":1,"messageKeys":{}}}}},"version":"v1"}