{"_sessions":{"BWSJJZ9Anz2Z3plhF/pdA/uNKuGbAMIdtVCVUpacMlQL":{"registrationId":144,"currentRatchet":{"ephemeralKeyPair":{"pubKey":"BT4pD+Nrudc2pHzGcUgkhvQYa13gyGYwmYKu/GLkRIZ0","privKey":"CJcnz8KLIDwuG91xhqh9NHRr354TtKNZtiWnvZoLZkY="},"lastRemoteEphemeralKey":"BZUxIf22jJv/u0yb6J5idL9S6VHQJjAoxmz1PGDlP7FS","previousCounter":0,"rootKey":"vMy96V5Ya7DQZxTSUiB+vDr8JxNfwthDdpBrKxTTKds="},"indexInfo":{"baseKey":"BWSJJZ9Anz2Z3plhF/pdA/uNKuGbAMIdtVCVUpacMlQL","baseKeyType":1,"closed":-1,"used":1666000137889,"created":1666000137889,"remoteIdentityKey":"BWlpzGUECXhiFQtqexcg5J8BWbr0iRgkY0Hhq75fvxAc"},"_chains":{"BT4pD+Nrudc2pHzGcUgkhvQYa13gyGYwmYKu/GLkRIZ0":{"chainKey":{"counter":4,"key":"uxcYZmr/2VugfZKT8s5jMX2LBniyd3TS4WMiKpMo778="},"chainType":1,"messageKeys":{}}},"pendingPreKey":{"signedKeyId":1,"baseKey":"BWSJJZ9Anz2Z3plhF/pdA/uNKuGbAMIdtVCVUpacMlQL"}}},"version":"v1"}