{"_sessions":{"BbnjwLuBnlNnWpe8xgOJWkvdSpTNs/S4u1LijyG917xE":{"registrationId":1548292795,"currentRatchet":{"ephemeralKeyPair":{"pubKey":"BbRzJKMBe41zWF9HUF6ACHYt2g15wZhISgGYaqFvnvxI","privKey":"AGML9PFwEOjD5CCOogJFuig4hrsht7TZ7I+7lrUnT34="},"lastRemoteEphemeralKey":"BULhwBjTzJuOXYFxFr82QwxxYc1DMpvYY/hhW0+Dzscr","previousCounter":0,"rootKey":"n8hJc3J5CnxgtrA8E6ygLfBpoKLNWctcwDP4bcx0pSY="},"indexInfo":{"baseKey":"BbnjwLuBnlNnWpe8xgOJWkvdSpTNs/S4u1LijyG917xE","baseKeyType":1,"closed":-1,"used":1666000190635,"created":1666000190635,"remoteIdentityKey":"BXvSpdlfR8t+9AlApFPJrxiaeWuu/ycG2oNDe9KEnnoJ"},"_chains":{"BbRzJKMBe41zWF9HUF6ACHYt2g15wZhISgGYaqFvnvxI":{"chainKey":{"counter":0,"key":"kbazdMGfU5D0w5t3yPK/Eyo1HxVYnCmpH2LGFClmZR8="},"chainType":1,"messageKeys":{}}},"pendingPreKey":{"signedKeyId":10,"baseKey":"BbnjwLuBnlNnWpe8xgOJWkvdSpTNs/S4u1LijyG917xE","preKeyId":244267}}},"version":"v1"}