{"_sessions":{"BWTUU38wAMRCIb7GmKaIPTOx1ryecX55bXC4wnK9NVIx":{"registrationId":15095050,"currentRatchet":{"ephemeralKeyPair":{"pubKey":"BcPYHvCFK8kbi/JOcaeE7vBv2oBi6jfq4n57VxdC5BY0","privKey":"qAJJo0XDpHf49GjbobUALSiZD7LOS9iau40sPMn+GmE="},"lastRemoteEphemeralKey":"BVqzrG6cqwJEa2Yhoo4imGtrl7mD86NM7H7M2NCrSNFJ","previousCounter":0,"rootKey":"3kGfN/HabVCwDs+tNq+/2pr22D3sWUsyNN7IvJXGFs8="},"indexInfo":{"baseKey":"BWTUU38wAMRCIb7GmKaIPTOx1ryecX55bXC4wnK9NVIx","baseKeyType":2,"closed":-1,"used":1666000143238,"created":1666000143238,"remoteIdentityKey":"BVNJIN1C207Hc4S0wA5np4ceTL1nuBUPJ328o+Yy2idS"},"_chains":{"BVqzrG6cqwJEa2Yhoo4imGtrl7mD86NM7H7M2NCrSNFJ":{"chainKey":{"counter":0,"key":"miI77+Wu7sBTexhFAfM9nssrIPhQEZYo2+qb2jxdkbo="},"chainType":2,"messageKeys":{}},"BcPYHvCFK8kbi/JOcaeE7vBv2oBi6jfq4n57VxdC5BY0":{"chainKey":{"counter":1,"key":"dhOPOSQNNFOuFuXNCIRuFbO8WwBW2zOC5oYJbxaxck0="},"chainType":1,"messageKeys":{}}}}},"version":"v1"}